"Код поста","Дата","Значение","Условный знак"
"11242","2017-01-01","468","_IВ"
"11242","2017-01-02","468","_IВ"
"11242","2017-01-03","468","_IВ"
"11242","2017-01-04","468","_IВ"
"11242","2017-01-05","468","_IВ"
"11242","2017-01-06","468","_IВ"
"11242","2017-01-07","468","_IВ"
"11242","2017-01-08","468","_IВ"
"11242","2017-01-09","468","_IВ"
"11242","2017-01-10","469","IВ"
"11242","2017-01-11","469","IВ"
"11242","2017-01-12","469","IВ"
"11242","2017-01-13","469","IВ"
"11242","2017-01-14","469","IВ"
"11242","2017-01-15","469","IВ"
"11242","2017-01-16","469","IВ"
"11242","2017-01-17","469","IВ"
"11242","2017-01-18","469","IВ"
"11242","2017-01-19","469","IВ"
"11242","2017-01-20","469","IВ"
"11242","2017-01-21","470","^IВ"
"11242","2017-01-22","470","^IВ"
"11242","2017-01-23","470","^IВ"
"11242","2017-01-24","470","^IВ"
"11242","2017-01-25","470","^IВ"
"11242","2017-01-26","470","^IВ"
"11242","2017-01-27","470","^IВ"
"11242","2017-01-28","470","^IВ"
"11242","2017-01-29","470","^IВ"
"11242","2017-01-30","470","^IВ"
"11242","2017-01-31","470","^IВ"
"11242","2017-02-01","470","^IВ"
"11242","2017-02-02","470","^IВ"
"11242","2017-02-03","470","^IВ"
"11242","2017-02-04","470","^IВ"
"11242","2017-02-05","470","^IВ"
"11242","2017-02-06","470","^IВ"
"11242","2017-02-07","470","^IВ"
"11242","2017-02-08","470","^IВ"
"11242","2017-02-09","470","^IВ"
"11242","2017-02-10","470","^IВ"
"11242","2017-02-11","470","^IВ"
"11242","2017-02-12","470","^IВ"
"11242","2017-02-13","469","IВ"
"11242","2017-02-14","469","IВ"
"11242","2017-02-15","469","IВ"
"11242","2017-02-16","469","_IВ"
"11242","2017-02-17","468","_IВ"
"11242","2017-02-18","468","_IВ"
"11242","2017-02-19","469","IВ"
"11242","2017-02-20","469","IВ"
"11242","2017-02-21","470","^IВ"
"11242","2017-02-22","470","^IВ"
"11242","2017-02-23","470","^IВ"
"11242","2017-02-24","470","^IВ"
"11242","2017-02-25","470","^IВ"
"11242","2017-02-26","470","^IВ"
"11242","2017-02-27","470","^IВ"
"11242","2017-02-28","470","^IВ"
"11242","2017-03-01","470","_IВ"
"11242","2017-03-02","470","_IВ"
"11242","2017-03-03","470","_IВ"
"11242","2017-03-04","470","_IВ"
"11242","2017-03-05","470","_IВ"
"11242","2017-03-06","470","_IВ"
"11242","2017-03-07","471","_IВ"
"11242","2017-03-08","472","IВ"
"11242","2017-03-09","472","IВ"
"11242","2017-03-10","472","IВ"
"11242","2017-03-11","474","IВ"
"11242","2017-03-12","474","IВ"
"11242","2017-03-13","474","IВ"
"11242","2017-03-14","474","IВ"
"11242","2017-03-15","474","IВ"
"11242","2017-03-16","474","IВ"
"11242","2017-03-17","474","IВ"
"11242","2017-03-18","474","IВ"
"11242","2017-03-19","475","IВ"
"11242","2017-03-20","475","IВ"
"11242","2017-03-21","475","IВ"
"11242","2017-03-22","475","IВ"
"11242","2017-03-23","475","IВ"
"11242","2017-03-24","475","IВ"
"11242","2017-03-25","475","IВ"
"11242","2017-03-26","475","IВ"
"11242","2017-03-27","475","IВ"
"11242","2017-03-28","475","IВ"
"11242","2017-03-29","478","IВ"
"11242","2017-03-30","484","IВ"
"11242","2017-03-31","504","^IВ"
"11242","2017-04-01","583","W"
"11242","2017-04-02","665","W"
"11242","2017-04-03","678","W"
"11242","2017-04-04","678","W"
"11242","2017-04-05","678","W"
"11242","2017-04-06","682","W"
"11242","2017-04-07","619","W"
"11242","2017-04-08","578","W"
"11242","2017-04-09","669","W"
"11242","2017-04-10","774","W"
"11242","2017-04-11","882","^"
"11242","2017-04-12","883",""
"11242","2017-04-13","833",""
"11242","2017-04-14","804",""
"11242","2017-04-15","767",""
"11242","2017-04-16","763",""
"11242","2017-04-17","782",""
"11242","2017-04-18","807",""
"11242","2017-04-19","723",""
"11242","2017-04-20","614",""
"11242","2017-04-21","591",""
"11242","2017-04-22","555",""
"11242","2017-04-23","549",""
"11242","2017-04-24","544",""
"11242","2017-04-25","537",""
"11242","2017-04-26","519",""
"11242","2017-04-27","509",""
"11242","2017-04-28","498",""
"11242","2017-04-29","489",""
"11242","2017-04-30","484","_"
"11242","2017-05-01","481","^"
"11242","2017-05-02","476",""
"11242","2017-05-03","474",""
"11242","2017-05-04","470",""
"11242","2017-05-05","464",""
"11242","2017-05-06","463",""
"11242","2017-05-07","458",""
"11242","2017-05-08","456",""
"11242","2017-05-09","452",""
"11242","2017-05-10","451",""
"11242","2017-05-11","451",""
"11242","2017-05-12","443",""
"11242","2017-05-13","441",""
"11242","2017-05-14","440",""
"11242","2017-05-15","440",""
"11242","2017-05-16","440",""
"11242","2017-05-17","440",""
"11242","2017-05-18","438",""
"11242","2017-05-19","438",""
"11242","2017-05-20","439",""
"11242","2017-05-21","440",""
"11242","2017-05-22","438",""
"11242","2017-05-23","436",""
"11242","2017-05-24","435",""
"11242","2017-05-25","433",""
"11242","2017-05-26","431",""
"11242","2017-05-27","431",""
"11242","2017-05-28","429",""
"11242","2017-05-29","427","_"
"11242","2017-05-30","426","_"
"11242","2017-05-31","427",""
"11242","2017-06-01","426","^Т"
"11242","2017-06-02","425","Т"
"11242","2017-06-03","424","Т"
"11242","2017-06-04","423","Т"
"11242","2017-06-05","422","Т"
"11242","2017-06-06","421","Т"
"11242","2017-06-07","420","Т"
"11242","2017-06-08","419","ВТ"
"11242","2017-06-09","419","ВТ"
"11242","2017-06-10","417","ВТ"
"11242","2017-06-11","417","ВТ"
"11242","2017-06-12","416","ВТ"
"11242","2017-06-13","416","ВТ"
"11242","2017-06-14","416","ВТ"
"11242","2017-06-15","413","ВТ"
"11242","2017-06-16","416","ВТ"
"11242","2017-06-17","416","ВТ"
"11242","2017-06-18","410","ВТ"
"11242","2017-06-19","410","ВТ"
"11242","2017-06-20","410","ВТ"
"11242","2017-06-21","408","ВТ"
"11242","2017-06-22","408","ВТ"
"11242","2017-06-23","407","ВТ"
"11242","2017-06-24","406","ВТ"
"11242","2017-06-25","406","_ВТ"
"11242","2017-06-26","405","_ВТ"
"11242","2017-06-27","405","_ВТ"
"11242","2017-06-28","405","_ВТ"
"11242","2017-06-29","405","_ВТ"
"11242","2017-06-30","405","_ВТ"
"11242","2017-07-01","405","^ВА"
"11242","2017-07-02","405","^ВА"
"11242","2017-07-03","405","^ВА"
"11242","2017-07-04","405","^ВА"
"11242","2017-07-05","405","^ВА"
"11242","2017-07-06","405","^ВА"
"11242","2017-07-07","405","^ВА"
"11242","2017-07-08","403","ВА"
"11242","2017-07-09","403","ВА"
"11242","2017-07-10","403","ВА"
"11242","2017-07-11","401","_ВА"
"11242","2017-07-12","401","_ВА"
"11242","2017-07-13","401","_ВА"
"11242","2017-07-14","401","_ВА"
"11242","2017-07-15","401","_ВА"
"11242","2017-07-16","401","_ВА"
"11242","2017-07-17","401","_ВА"
"11242","2017-07-18","401","_ВА"
"11242","2017-07-19","401","_ВА"
"11242","2017-07-20","401","_ВА"
"11242","2017-07-21","401","_ВА"
"11242","2017-07-22","401","_ВА"
"11242","2017-07-23","401","_ВА"
"11242","2017-07-24","401","_ВА"
"11242","2017-07-25","401","_ВА"
"11242","2017-07-26","401","_ВА"
"11242","2017-07-27","401","_ВА"
"11242","2017-07-28","401","_ВА"
"11242","2017-07-29","401","_ВА"
"11242","2017-07-30","401","_ВА"
"11242","2017-07-31","401","_ВА"
"11242","2017-08-01","395","""ВА"
"11242","2017-08-02","395","""ВА"
"11242","2017-08-03","395","""ВА"
"11242","2017-08-04","395","""ВА"
"11242","2017-08-05","395","""ВА"
"11242","2017-08-06","395","""ВА"
"11242","2017-08-07","395","""ВА"
"11242","2017-08-08","395","""ВА"
"11242","2017-08-09","395","""ВА"
"11242","2017-08-10","395","""ВА"
"11242","2017-08-11","395","""ВА"
"11242","2017-08-12","395","""ВА"
"11242","2017-08-13","395","""ВА"
"11242","2017-08-14","395","""ВА"
"11242","2017-08-15","395","""ВА"
"11242","2017-08-16","395","""ВА"
"11242","2017-08-17","395","""ВА"
"11242","2017-08-18","395","""ВА"
"11242","2017-08-19","395","""ВА"
"11242","2017-08-20","395","""ВА"
"11242","2017-08-21","395","""ВА"
"11242","2017-08-22","395","""ВА"
"11242","2017-08-23","395","""ВА"
"11242","2017-08-24","395","""ВА"
"11242","2017-08-25","395","""ВА"
"11242","2017-08-26","395","""ВА"
"11242","2017-08-27","395","""ВА"
"11242","2017-08-28","395","""ВА"
"11242","2017-08-29","395","""ВА"
"11242","2017-08-30","395","""ВА"
"11242","2017-08-31","395","""ВА"
"11242","2017-09-01","398","_ВА"
"11242","2017-09-02","398","_ВА"
"11242","2017-09-03","398","_ВА"
"11242","2017-09-04","398","_ВА"
"11242","2017-09-05","398","_ВА"
"11242","2017-09-06","398","_ВА"
"11242","2017-09-07","398","_ВА"
"11242","2017-09-08","398","_ВА"
"11242","2017-09-09","398","_ВА"
"11242","2017-09-10","398","_ВА"
"11242","2017-09-11","398","_ВА"
"11242","2017-09-12","398","_ВА"
"11242","2017-09-13","398","_ВА"
"11242","2017-09-14","398","_ВА"
"11242","2017-09-15","398","_ВА"
"11242","2017-09-16","398","_ВА"
"11242","2017-09-17","398","_ВА"
"11242","2017-09-18","398","_ВА"
"11242","2017-09-19","398","_ВА"
"11242","2017-09-20","398","_ВА"
"11242","2017-09-21","398","_ВА"
"11242","2017-09-22","398","_ВА"
"11242","2017-09-23","398","_ВА"
"11242","2017-09-24","398","_ВА"
"11242","2017-09-25","398","_ВА"
"11242","2017-09-26","399","_ВА"
"11242","2017-09-27","399","ВА"
"11242","2017-09-28","399","ВА"
"11242","2017-09-29","400","^ВА"
"11242","2017-09-30","400","^ВА"
"11242","2017-10-01","400","_В"
"11242","2017-10-02","400","_В"
"11242","2017-10-03","401","_В"
"11242","2017-10-04","401","В"
"11242","2017-10-05","401","В"
"11242","2017-10-06","401","В"
"11242","2017-10-07","401","В"
"11242","2017-10-08","401","В"
"11242","2017-10-09","402","В"
"11242","2017-10-10","402","В"
"11242","2017-10-11","403","В"
"11242","2017-10-12","404","В"
"11242","2017-10-13","406","В"
"11242","2017-10-14","407","В"
"11242","2017-10-15","407","В"
"11242","2017-10-16","407","В"
"11242","2017-10-17","407","В"
"11242","2017-10-18","408","В"
"11242","2017-10-19","408","В"
"11242","2017-10-20","408","В"
"11242","2017-10-21","410","В"
"11242","2017-10-22","410","В"
"11242","2017-10-23","410","В"
"11242","2017-10-24","410","В"
"11242","2017-10-25","410","В"
"11242","2017-10-26","410","В"
"11242","2017-10-27","411","В"
"11242","2017-10-28","412","В"
"11242","2017-10-29","412","В"
"11242","2017-10-30","413","^В"
"11242","2017-10-31","414","^В"
"11242","2017-11-01","414","В"
"11242","2017-11-02","414","В"
"11242","2017-11-03","414","В"
"11242","2017-11-04","414","В"
"11242","2017-11-05","414","В"
"11242","2017-11-06","415","^В"
"11242","2017-11-07","415","^В"
"11242","2017-11-08","415","^В"
"11242","2017-11-09","415","^В"
"11242","2017-11-10","415","^В"
"11242","2017-11-11","415","^В"
"11242","2017-11-12","415","^В"
"11242","2017-11-13","408","^В"
"11242","2017-11-14","400","В"
"11242","2017-11-15","397","_В"
"11242","2017-11-16","397","_В"
"11242","2017-11-17","397","_В"
"11242","2017-11-18","397","_)В"
"11242","2017-11-19","397","_ZВ"
"11242","2017-11-20","397","_ZВ"
"11242","2017-11-21","397","_ZВ"
"11242","2017-11-22","397","_IВ"
"11242","2017-11-23","397","_IВ"
"11242","2017-11-24","397","_IВ"
"11242","2017-11-25","397","_IВ"
"11242","2017-11-26","397","_IВ"
"11242","2017-11-27","397","_IВ"
"11242","2017-11-28","397","_IВ"
"11242","2017-11-29","397","_IВ"
"11242","2017-11-30","397","_IВ"
"11242","2017-12-01","411","^IВ"
"11242","2017-12-02","414","^IВ"
"11242","2017-12-03","414","^IВ"
"11242","2017-12-04","414","^IВ"
"11242","2017-12-05","414","^IВ"
"11242","2017-12-06","414","^IВ"
"11242","2017-12-07","414","^IВ"
"11242","2017-12-08","414","^IВ"
"11242","2017-12-09","414","^IВ"
"11242","2017-12-10","","prmz"
"11242","2017-12-11","","prmz"
"11242","2017-12-12","","prmz"
"11242","2017-12-13","","prmz"
"11242","2017-12-14","","prmz"
"11242","2017-12-15","","prmz"
"11242","2017-12-16","","prmz"
"11242","2017-12-17","","prmz"
"11242","2017-12-18","","prmz"
"11242","2017-12-19","","prmz"
"11242","2017-12-20","","prmz"
"11242","2017-12-21","","prmz"
"11242","2017-12-22","","prmz"
"11242","2017-12-23","","prmz"
"11242","2017-12-24","","prmz"
"11242","2017-12-25","","prmz"
"11242","2017-12-26","","prmz"
"11242","2017-12-27","","prmz"
"11242","2017-12-28","","prmz"
"11242","2017-12-29","","prmz"
"11242","2017-12-30","","prmz"
"11242","2017-12-31","","prmz"
"11242","2018-01-01","","prmz"
"11242","2018-01-02","","prmz"
"11242","2018-01-03","","prmz"
"11242","2018-01-04","","prmz"
"11242","2018-01-05","","prmz"
"11242","2018-01-06","","prmz"
"11242","2018-01-07","","prmz"
"11242","2018-01-08","","prmz"
"11242","2018-01-09","","prmz"
"11242","2018-01-10","","prmz"
"11242","2018-01-11","","prmz"
"11242","2018-01-12","","prmz"
"11242","2018-01-13","","prmz"
"11242","2018-01-14","","prmz"
"11242","2018-01-15","","prmz"
"11242","2018-01-16","","prmz"
"11242","2018-01-17","","prmz"
"11242","2018-01-18","","prmz"
"11242","2018-01-19","","prmz"
"11242","2018-01-20","","prmz"
"11242","2018-01-21","","prmz"
"11242","2018-01-22","","prmz"
"11242","2018-01-23","","prmz"
"11242","2018-01-24","","prmz"
"11242","2018-01-25","","prmz"
"11242","2018-01-26","","prmz"
"11242","2018-01-27","","prmz"
"11242","2018-01-28","","prmz"
"11242","2018-01-29","","prmz"
"11242","2018-01-30","","prmz"
"11242","2018-01-31","","prmz"
"11242","2018-02-01","","prmz"
"11242","2018-02-02","","prmz"
"11242","2018-02-03","","prmz"
"11242","2018-02-04","","prmz"
"11242","2018-02-05","","prmz"
"11242","2018-02-06","","prmz"
"11242","2018-02-07","","prmz"
"11242","2018-02-08","","prmz"
"11242","2018-02-09","","prmz"
"11242","2018-02-10","","prmz"
"11242","2018-02-11","","prmz"
"11242","2018-02-12","","prmz"
"11242","2018-02-13","","prmz"
"11242","2018-02-14","","prmz"
"11242","2018-02-15","","prmz"
"11242","2018-02-16","","prmz"
"11242","2018-02-17","","prmz"
"11242","2018-02-18","","prmz"
"11242","2018-02-19","","prmz"
"11242","2018-02-20","","prmz"
"11242","2018-02-21","","prmz"
"11242","2018-02-22","","prmz"
"11242","2018-02-23","","prmz"
"11242","2018-02-24","","prmz"
"11242","2018-02-25","","prmz"
"11242","2018-02-26","","prmz"
"11242","2018-02-27","","prmz"
"11242","2018-02-28","","prmz"
"11242","2018-03-01","","prmz"
"11242","2018-03-02","","prmz"
"11242","2018-03-03","","prmz"
"11242","2018-03-04","","prmz"
"11242","2018-03-05","","prmz"
"11242","2018-03-06","","prmz"
"11242","2018-03-07","","prmz"
"11242","2018-03-08","","prmz"
"11242","2018-03-09","","prmz"
"11242","2018-03-10","","prmz"
"11242","2018-03-11","","prmz"
"11242","2018-03-12","","prmz"
"11242","2018-03-13","","prmz"
"11242","2018-03-14","","prmz"
"11242","2018-03-15","","prmz"
"11242","2018-03-16","","prmz"
"11242","2018-03-17","","prmz"
"11242","2018-03-18","","prmz"
"11242","2018-03-19","","prmz"
"11242","2018-03-20","","prmz"
"11242","2018-03-21","","prmz"
"11242","2018-03-22","","prmz"
"11242","2018-03-23","","prmz"
"11242","2018-03-24","","prmz"
"11242","2018-03-25","","prmz"
"11242","2018-03-26","","prmz"
"11242","2018-03-27","","prmz"
"11242","2018-03-28","","prmz"
"11242","2018-03-29","","prmz"
"11242","2018-03-30","","prmz"
"11242","2018-03-31","","prmz"
"11242","2018-04-01","","prmz"
"11242","2018-04-02","","prmz"
"11242","2018-04-03","","prmz"
"11242","2018-04-04","448","("
"11242","2018-04-05","456","("
"11242","2018-04-06","463","(W"
"11242","2018-04-07","592","W"
"11242","2018-04-08","652","W"
"11242","2018-04-09","681","W"
"11242","2018-04-10","694",""
"11242","2018-04-11","697","^"
"11242","2018-04-12","646",""
"11242","2018-04-13","610",""
"11242","2018-04-14","621",""
"11242","2018-04-15","628",""
"11242","2018-04-16","600",""
"11242","2018-04-17","503",""
"11242","2018-04-18","468",""
"11242","2018-04-19","455",""
"11242","2018-04-20","446",""
"11242","2018-04-21","438",""
"11242","2018-04-22","435",""
"11242","2018-04-23","432",""
"11242","2018-04-24","429",""
"11242","2018-04-25","430",""
"11242","2018-04-26","429",""
"11242","2018-04-27","429",""
"11242","2018-04-28","428",""
"11242","2018-04-29","427",""
"11242","2018-04-30","427",""
"11242","2018-05-01","434","^"
"11242","2018-05-02","434","^"
"11242","2018-05-03","433","^"
"11242","2018-05-04","431",""
"11242","2018-05-05","430",""
"11242","2018-05-06","429",""
"11242","2018-05-07","429",""
"11242","2018-05-08","428",""
"11242","2018-05-09","428",""
"11242","2018-05-10","427",""
"11242","2018-05-11","427",""
"11242","2018-05-12","427",""
"11242","2018-05-13","427",""
"11242","2018-05-14","425",""
"11242","2018-05-15","423",""
"11242","2018-05-16","423",""
"11242","2018-05-17","423",""
"11242","2018-05-18","422",""
"11242","2018-05-19","422",""
"11242","2018-05-20","421",""
"11242","2018-05-21","419",""
"11242","2018-05-22","416",""
"11242","2018-05-23","416",""
"11242","2018-05-24","415",""
"11242","2018-05-25","415",""
"11242","2018-05-26","415",""
"11242","2018-05-27","415",""
"11242","2018-05-28","415",""
"11242","2018-05-29","414","_"
"11242","2018-05-30","412","_"
"11242","2018-05-31","412","_"
"11242","2018-06-01","412","^"
"11242","2018-06-02","412","^"
"11242","2018-06-03","412","^"
"11242","2018-06-04","412","^"
"11242","2018-06-05","412","^В"
"11242","2018-06-06","412","^В"
"11242","2018-06-07","412","^В"
"11242","2018-06-08","412","^В"
"11242","2018-06-09","412","^В"
"11242","2018-06-10","412","^В"
"11242","2018-06-11","412","^В"
"11242","2018-06-12","412","^В"
"11242","2018-06-13","412","^В"
"11242","2018-06-14","412","^В"
"11242","2018-06-15","412","^В"
"11242","2018-06-16","412","^В"
"11242","2018-06-17","412","^В"
"11242","2018-06-18","411","^В"
"11242","2018-06-19","410","В"
"11242","2018-06-20","410","В"
"11242","2018-06-21","410","_В"
"11242","2018-06-22","409","_В"
"11242","2018-06-23","409","_В"
"11242","2018-06-24","409","_В"
"11242","2018-06-25","409","_В"
"11242","2018-06-26","409","_В"
"11242","2018-06-27","409","_В"
"11242","2018-06-28","409","_В"
"11242","2018-06-29","409","_В"
"11242","2018-06-30","409","_В"
"11242","2018-07-01","409","^В"
"11242","2018-07-02","409","^В"
"11242","2018-07-03","409","""В"
"11242","2018-07-04","408","_В"
"11242","2018-07-05","408","_В"
"11242","2018-07-06","408","_В"
"11242","2018-07-07","408","_В"
"11242","2018-07-08","408","_В"
"11242","2018-07-09","408","_В"
"11242","2018-07-10","408","_В"
"11242","2018-07-11","408","_В"
"11242","2018-07-12","408","_В"
"11242","2018-07-13","408","_В"
"11242","2018-07-14","408","_В"
"11242","2018-07-15","408","_В"
"11242","2018-07-16","408","_В"
"11242","2018-07-17","408","_В"
"11242","2018-07-18","408","_В"
"11242","2018-07-19","408","_В"
"11242","2018-07-20","408","_В"
"11242","2018-07-21","408","_В"
"11242","2018-07-22","408","_В"
"11242","2018-07-23","408","_В"
"11242","2018-07-24","408","_В"
"11242","2018-07-25","408","_В"
"11242","2018-07-26","408","_В"
"11242","2018-07-27","408","_В"
"11242","2018-07-28","408","_В"
"11242","2018-07-29","408","_В"
"11242","2018-07-30","408","_В"
"11242","2018-07-31","408","_В"
"11242","2018-08-01","408","""В"
"11242","2018-08-02","408","""В"
"11242","2018-08-03","408","""В"
"11242","2018-08-04","408","""В"
"11242","2018-08-05","408","""В"
"11242","2018-08-06","408","""В"
"11242","2018-08-07","408","""В"
"11242","2018-08-08","408","""В"
"11242","2018-08-09","408","""В"
"11242","2018-08-10","408","""В"
"11242","2018-08-11","408","""В"
"11242","2018-08-12","408","""В"
"11242","2018-08-13","408","""В"
"11242","2018-08-14","408","""В"
"11242","2018-08-15","408","""В"
"11242","2018-08-16","408","""В"
"11242","2018-08-17","408","""В"
"11242","2018-08-18","408","""В"
"11242","2018-08-19","408","""В"
"11242","2018-08-20","408","""В"
"11242","2018-08-21","408","""В"
"11242","2018-08-22","408","""В"
"11242","2018-08-23","408","""В"
"11242","2018-08-24","408","""В"
"11242","2018-08-25","408","""В"
"11242","2018-08-26","408","""В"
"11242","2018-08-27","408","""В"
"11242","2018-08-28","408","""В"
"11242","2018-08-29","408","""В"
"11242","2018-08-30","408","""В"
"11242","2018-08-31","408","""В"
"11242","2018-09-01","408","^В"
"11242","2018-09-02","408","^В"
"11242","2018-09-03","408","^В"
"11242","2018-09-04","408","^В"
"11242","2018-09-05","408","^В"
"11242","2018-09-06","408","^В"
"11242","2018-09-07","408","^В"
"11242","2018-09-08","408","^В"
"11242","2018-09-09","408","^В"
"11242","2018-09-10","408","^В"
"11242","2018-09-11","407","В"
"11242","2018-09-12","407","В"
"11242","2018-09-13","407","В"
"11242","2018-09-14","407","В"
"11242","2018-09-15","407","В"
"11242","2018-09-16","407","В"
"11242","2018-09-17","407","В"
"11242","2018-09-18","407","В"
"11242","2018-09-19","407","В"
"11242","2018-09-20","407","В"
"11242","2018-09-21","406","_В"
"11242","2018-09-22","406","_В"
"11242","2018-09-23","406","_В"
"11242","2018-09-24","406","_В"
"11242","2018-09-25","406","_В"
"11242","2018-09-26","406","_В"
"11242","2018-09-27","406","_В"
"11242","2018-09-28","406","_В"
"11242","2018-09-29","406","_В"
"11242","2018-09-30","406","_В"
"11242","2018-10-01","406","""В"
"11242","2018-10-02","406","""В"
"11242","2018-10-03","406","""В"
"11242","2018-10-04","406","""В"
"11242","2018-10-05","406","""В"
"11242","2018-10-06","406","""В"
"11242","2018-10-07","406","""В"
"11242","2018-10-08","406","""В"
"11242","2018-10-09","406","""В"
"11242","2018-10-10","406","""В"
"11242","2018-10-11","406","""В"
"11242","2018-10-12","406","""В"
"11242","2018-10-13","406","""В"
"11242","2018-10-14","406","""В"
"11242","2018-10-15","406","""В"
"11242","2018-10-16","406","""В"
"11242","2018-10-17","406","""В"
"11242","2018-10-18","406","""В"
"11242","2018-10-19","406","""В"
"11242","2018-10-20","406","""В"
"11242","2018-10-21","406","""В"
"11242","2018-10-22","406","""В"
"11242","2018-10-23","406","""В"
"11242","2018-10-24","406","""В"
"11242","2018-10-25","406","""В"
"11242","2018-10-26","406","""В"
"11242","2018-10-27","406","""В"
"11242","2018-10-28","406","""В"
"11242","2018-10-29","406","""В"
"11242","2018-10-30","406","""В"
"11242","2018-10-31","406","""В"
"11242","2018-11-01","406","_)В"
"11242","2018-11-02","406","_)В"
"11242","2018-11-03","406","_)В"
"11242","2018-11-04","406","_В"
"11242","2018-11-05","406","_В"
"11242","2018-11-06","406","_В"
"11242","2018-11-07","406","_В"
"11242","2018-11-08","406","_В"
"11242","2018-11-09","406","_)В"
"11242","2018-11-10","406","_IZ"
"11242","2018-11-11","406","_IВ"
"11242","2018-11-12","407","""IВ"
"11242","2018-11-13","408","^IВ"
"11242","2018-11-14","408","^IВ"
"11242","2018-11-15","408","^IВ"
"11242","2018-11-16","408","^IВ"
"11242","2018-11-17","408","^IВ"
"11242","2018-11-18","408","^IВ"
"11242","2018-11-19","408","^IВ"
"11242","2018-11-20","408","^IВ"
"11242","2018-11-21","408","^I~"
"11242","2018-11-22","408","^I~"
"11242","2018-11-23","408","^IВ"
"11242","2018-11-24","408","^IВ"
"11242","2018-11-25","408","^IВ"
"11242","2018-11-26","408","^IВ"
"11242","2018-11-27","408","^IВ"
"11242","2018-11-28","408","^IВ"
"11242","2018-11-29","408","^IВ"
"11242","2018-11-30","408","^IВ"
"11242","2018-12-01","","prmz"
"11242","2018-12-02","","prmz"
"11242","2018-12-03","","prmz"
"11242","2018-12-04","","prmz"
"11242","2018-12-05","","prmz"
"11242","2018-12-06","","prmz"
"11242","2018-12-07","","prmz"
"11242","2018-12-08","","prmz"
"11242","2018-12-09","","prmz"
"11242","2018-12-10","","prmz"
"11242","2018-12-11","","prmz"
"11242","2018-12-12","","prmz"
"11242","2018-12-13","","prmz"
"11242","2018-12-14","","prmz"
"11242","2018-12-15","","prmz"
"11242","2018-12-16","421","_~В"
"11242","2018-12-17","432","^~В"
"11242","2018-12-18","432","^~В"
"11242","2018-12-19","432","^=В"
"11242","2018-12-20","432","""=В"
"11242","2018-12-21","","prmz"
"11242","2018-12-22","","prmz"
"11242","2018-12-23","","prmz"
"11242","2018-12-24","","prmz"
"11242","2018-12-25","","prmz"
"11242","2018-12-26","","prmz"
"11242","2018-12-27","","prmz"
"11242","2018-12-28","","prmz"
"11242","2018-12-29","","prmz"
"11242","2018-12-30","","prmz"
"11242","2018-12-31","","prmz"
"11242","2019-01-01","","prmz"
"11242","2019-01-02","","prmz"
"11242","2019-01-03","","prmz"
"11242","2019-01-04","","prmz"
"11242","2019-01-05","","prmz"
"11242","2019-01-06","","prmz"
"11242","2019-01-07","","prmz"
"11242","2019-01-08","","prmz"
"11242","2019-01-09","","prmz"
"11242","2019-01-10","","prmz"
"11242","2019-01-11","","prmz"
"11242","2019-01-12","","prmz"
"11242","2019-01-13","","prmz"
"11242","2019-01-14","","prmz"
"11242","2019-01-15","","prmz"
"11242","2019-01-16","","prmz"
"11242","2019-01-17","","prmz"
"11242","2019-01-18","","prmz"
"11242","2019-01-19","","prmz"
"11242","2019-01-20","","prmz"
"11242","2019-01-21","","prmz"
"11242","2019-01-22","","prmz"
"11242","2019-01-23","","prmz"
"11242","2019-01-24","","prmz"
"11242","2019-01-25","","prmz"
"11242","2019-01-26","","prmz"
"11242","2019-01-27","","prmz"
"11242","2019-01-28","","prmz"
"11242","2019-01-29","","prmz"
"11242","2019-01-30","","prmz"
"11242","2019-01-31","","prmz"
"11242","2019-02-01","","prmz"
"11242","2019-02-02","","prmz"
"11242","2019-02-03","","prmz"
"11242","2019-02-04","","prmz"
"11242","2019-02-05","","prmz"
"11242","2019-02-06","","prmz"
"11242","2019-02-07","","prmz"
"11242","2019-02-08","","prmz"
"11242","2019-02-09","","prmz"
"11242","2019-02-10","","prmz"
"11242","2019-02-11","","prmz"
"11242","2019-02-12","","prmz"
"11242","2019-02-13","","prmz"
"11242","2019-02-14","","prmz"
"11242","2019-02-15","","prmz"
"11242","2019-02-16","","prmz"
"11242","2019-02-17","","prmz"
"11242","2019-02-18","","prmz"
"11242","2019-02-19","","prmz"
"11242","2019-02-20","","prmz"
"11242","2019-02-21","","prmz"
"11242","2019-02-22","","prmz"
"11242","2019-02-23","","prmz"
"11242","2019-02-24","","prmz"
"11242","2019-02-25","","prmz"
"11242","2019-02-26","","prmz"
"11242","2019-02-27","","prmz"
"11242","2019-02-28","","prmz"
"11242","2019-03-01","","prmz"
"11242","2019-03-02","","prmz"
"11242","2019-03-03","","prmz"
"11242","2019-03-04","","prmz"
"11242","2019-03-05","","prmz"
"11242","2019-03-06","","prmz"
"11242","2019-03-07","","prmz"
"11242","2019-03-08","","prmz"
"11242","2019-03-09","","prmz"
"11242","2019-03-10","","prmz"
"11242","2019-03-11","","prmz"
"11242","2019-03-12","","prmz"
"11242","2019-03-13","","prmz"
"11242","2019-03-14","","prmz"
"11242","2019-03-15","","prmz"
"11242","2019-03-16","","prmz"
"11242","2019-03-17","","prmz"
"11242","2019-03-18","","prmz"
"11242","2019-03-19","","prmz"
"11242","2019-03-20","","prmz"
"11242","2019-03-21","","prmz"
"11242","2019-03-22","","prmz"
"11242","2019-03-23","517","_~"
"11242","2019-03-24","517","~"
"11242","2019-03-25","517","~"
"11242","2019-03-26","517","~"
"11242","2019-03-27","517","~"
"11242","2019-03-28","773","WQ"
"11242","2019-03-29","872","WQ"
"11242","2019-03-30","919","<П"
"11242","2019-03-31","896","^<"
"11242","2019-04-01","843","^"
"11242","2019-04-02","760",""
"11242","2019-04-03","726",""
"11242","2019-04-04","677",""
"11242","2019-04-05","631",""
"11242","2019-04-06","584",""
"11242","2019-04-07","556",""
"11242","2019-04-08","522",""
"11242","2019-04-09","477",""
"11242","2019-04-10","472",""
"11242","2019-04-11","470",""
"11242","2019-04-12","467",""
"11242","2019-04-13","458",""
"11242","2019-04-14","451",""
"11242","2019-04-15","448",""
"11242","2019-04-16","447",""
"11242","2019-04-17","445",""
"11242","2019-04-18","443",""
"11242","2019-04-19","440",""
"11242","2019-04-20","439",""
"11242","2019-04-21","439",""
"11242","2019-04-22","437",""
"11242","2019-04-23","435",""
"11242","2019-04-24","434",""
"11242","2019-04-25","434",""
"11242","2019-04-26","434",""
"11242","2019-04-27","431","_"
"11242","2019-04-28","430","_"
"11242","2019-04-29","430","_"
"11242","2019-04-30","430","_"
"11242","2019-05-01","428","^"
"11242","2019-05-02","428","^"
"11242","2019-05-03","428","^"
"11242","2019-05-04","424",""
"11242","2019-05-05","424",""
"11242","2019-05-06","423",""
"11242","2019-05-07","422",""
"11242","2019-05-08","422",""
"11242","2019-05-09","422",""
"11242","2019-05-10","422",""
"11242","2019-05-11","422",""
"11242","2019-05-12","422",""
"11242","2019-05-13","422",""
"11242","2019-05-14","422",""
"11242","2019-05-15","422",""
"11242","2019-05-16","422",""
"11242","2019-05-17","422",""
"11242","2019-05-18","422",""
"11242","2019-05-19","422",""
"11242","2019-05-20","422",""
"11242","2019-05-21","421",""
"11242","2019-05-22","419",""
"11242","2019-05-23","419",""
"11242","2019-05-24","419",""
"11242","2019-05-25","419",""
"11242","2019-05-26","419",""
"11242","2019-05-27","419",""
"11242","2019-05-28","419",""
"11242","2019-05-29","417",""
"11242","2019-05-30","416","_"
"11242","2019-05-31","414","_"
"11242","2019-06-01","407",""
"11242","2019-06-02","407","Т"
"11242","2019-06-03","407","Т"
"11242","2019-06-04","407","Т"
"11242","2019-06-05","407","Т"
"11242","2019-06-06","407","Т"
"11242","2019-06-07","407","Т"
"11242","2019-06-08","406","_Т"
"11242","2019-06-09","406","_Т"
"11242","2019-06-10","406","_Т"
"11242","2019-06-11","406","_Т"
"11242","2019-06-12","407","Т"
"11242","2019-06-13","409","Т"
"11242","2019-06-14","410","Т"
"11242","2019-06-15","411","Т"
"11242","2019-06-16","411","Т"
"11242","2019-06-17","412","Т"
"11242","2019-06-18","413","Т"
"11242","2019-06-19","413","Т"
"11242","2019-06-20","413","Т"
"11242","2019-06-21","415","^Т"
"11242","2019-06-22","415","^Т"
"11242","2019-06-23","413","Т"
"11242","2019-06-24","413","Т"
"11242","2019-06-25","412","Т"
"11242","2019-06-26","411","Т"
"11242","2019-06-27","411","Т"
"11242","2019-06-28","410","Т"
"11242","2019-06-29","410","Т"
"11242","2019-06-30","410","Т"
"11242","2019-07-01","410","^ВТ"
"11242","2019-07-02","410","^ВТ"
"11242","2019-07-03","410","^ВТ"
"11242","2019-07-04","410","^ВТ"
"11242","2019-07-05","410","^ВТ"
"11242","2019-07-06","410","^ВТ"
"11242","2019-07-07","410","^ВТ"
"11242","2019-07-08","410","^ВТ"
"11242","2019-07-09","410","^ВТ"
"11242","2019-07-10","407","ВТ"
"11242","2019-07-11","401","ВТ"
"11242","2019-07-12","401","ВТ"
"11242","2019-07-13","400","ВТ"
"11242","2019-07-14","400","ВТ"
"11242","2019-07-15","400","ВТ"
"11242","2019-07-16","396","ВТ"
"11242","2019-07-17","395","_ВТ"
"11242","2019-07-18","394","_ВТ"
"11242","2019-07-19","394","_ВТ"
"11242","2019-07-20","394","_ВТ"
"11242","2019-07-21","394","_ВТ"
"11242","2019-07-22","394","_ВТ"
"11242","2019-07-23","394","_ВТ"
"11242","2019-07-24","394","_ВТ"
"11242","2019-07-25","394","_ВТ"
"11242","2019-07-26","394","_ВТ"
"11242","2019-07-27","394","_ВТ"
"11242","2019-07-28","394","_ВТ"
"11242","2019-07-29","394","_ВТ"
"11242","2019-07-30","394","_ВТ"
"11242","2019-07-31","394","_ВТ"
"11242","2019-08-01","394","^ВА"
"11242","2019-08-02","394","^ВА"
"11242","2019-08-03","394","^ВА"
"11242","2019-08-04","394","^ВА"
"11242","2019-08-05","394","^ВА"
"11242","2019-08-06","394","^ВА"
"11242","2019-08-07","394","^ВА"
"11242","2019-08-08","394","^ВА"
"11242","2019-08-09","392","ВА"
"11242","2019-08-10","392","ВА"
"11242","2019-08-11","392","ВА"
"11242","2019-08-12","392","ВА"
"11242","2019-08-13","390","ВА"
"11242","2019-08-14","390","ВА"
"11242","2019-08-15","390","ВА"
"11242","2019-08-16","390","ВА"
"11242","2019-08-17","388","_ВА"
"11242","2019-08-18","388","_ВА"
"11242","2019-08-19","388","_ВА"
"11242","2019-08-20","388","_ВА"
"11242","2019-08-21","388","_ВА"
"11242","2019-08-22","388","_ВА"
"11242","2019-08-23","388","_ВА"
"11242","2019-08-24","388","_ВА"
"11242","2019-08-25","388","_ВА"
"11242","2019-08-26","388","_ВА"
"11242","2019-08-27","388","_ВА"
"11242","2019-08-28","388","_ВА"
"11242","2019-08-29","388","_ВА"
"11242","2019-08-30","388","_ВА"
"11242","2019-08-31","388","_ВА"
"11242","2019-09-01","395","""ВА"
"11242","2019-09-02","395","""ВА"
"11242","2019-09-03","395","""ВА"
"11242","2019-09-04","395","""ВА"
"11242","2019-09-05","395","""ВА"
"11242","2019-09-06","395","""ВА"
"11242","2019-09-07","395","""ВА"
"11242","2019-09-08","395","""ВА"
"11242","2019-09-09","395","""ВА"
"11242","2019-09-10","395","""ВА"
"11242","2019-09-11","395","""ВА"
"11242","2019-09-12","395","""ВА"
"11242","2019-09-13","395","""ВА"
"11242","2019-09-14","395","""ВА"
"11242","2019-09-15","395","""ВА"
"11242","2019-09-16","395","""ВА"
"11242","2019-09-17","395","""ВА"
"11242","2019-09-18","395","""ВА"
"11242","2019-09-19","395","""ВА"
"11242","2019-09-20","395","""ВА"
"11242","2019-09-21","395","""ВА"
"11242","2019-09-22","395","""ВА"
"11242","2019-09-23","395","""ВА"
"11242","2019-09-24","395","""ВА"
"11242","2019-09-25","395","""ВА"
"11242","2019-09-26","395","""ВА"
"11242","2019-09-27","395","""ВА"
"11242","2019-09-28","395","""ВА"
"11242","2019-09-29","395","""ВА"
"11242","2019-09-30","395","""ВА"
"11242","2019-10-01","395","_ВА"
"11242","2019-10-02","395","_ВА"
"11242","2019-10-03","395","_ВА"
"11242","2019-10-04","395","_ВА"
"11242","2019-10-05","395","_ВА"
"11242","2019-10-06","395","_ВА"
"11242","2019-10-07","395","_ВА"
"11242","2019-10-08","395","_ВА"
"11242","2019-10-09","395","_ВА"
"11242","2019-10-10","395","_ВА"
"11242","2019-10-11","395","_ВА"
"11242","2019-10-12","395","_ВА"
"11242","2019-10-13","395","_ВА"
"11242","2019-10-14","395","_ВА"
"11242","2019-10-15","395","_ВА"
"11242","2019-10-16","396","_ВА"
"11242","2019-10-17","396","ВА"
"11242","2019-10-18","396","ВА"
"11242","2019-10-19","397","^ВА"
"11242","2019-10-20","397","^ВА"
"11242","2019-10-21","397","^ВА"
"11242","2019-10-22","397","^ВА"
"11242","2019-10-23","397","^ВА"
"11242","2019-10-24","397","^ВА"
"11242","2019-10-25","397","^ВА"
"11242","2019-10-26","397","^ВА"
"11242","2019-10-27","397","^ВА"
"11242","2019-10-28","397","^ВА"
"11242","2019-10-29","397","^ВА"
"11242","2019-10-30","397","^ВА"
"11242","2019-10-31","397","^ВА"
"11242","2019-11-01","397","_ВА"
"11242","2019-11-02","397","_ВА"
"11242","2019-11-03","397","_)В"
"11242","2019-11-04","397","_ВА"
"11242","2019-11-05","398","_ВА"
"11242","2019-11-06","399","ВА"
"11242","2019-11-07","400","ВА"
"11242","2019-11-08","401","ВА"
"11242","2019-11-09","403","ВА"
"11242","2019-11-10","406","ZВ"
"11242","2019-11-11","406","ZВ"
"11242","2019-11-12","406","ZВ"
"11242","2019-11-13","406","IВ"
"11242","2019-11-14","406","IВ"
"11242","2019-11-15","406","IВ"
"11242","2019-11-16","406","IВ"
"11242","2019-11-17","406","IВ"
"11242","2019-11-18","406","IВ"
"11242","2019-11-19","406","IВ"
"11242","2019-11-20","406","IВ"
"11242","2019-11-21","406","IВ"
"11242","2019-11-22","406","IВ"
"11242","2019-11-23","406","IВ"
"11242","2019-11-24","406","IВ"
"11242","2019-11-25","416","^IВ"
"11242","2019-11-26","423","IВ"
"11242","2019-11-27","423","IВ"
"11242","2019-11-28","423","IВ"
"11242","2019-11-29","423","IВ"
"11242","2019-11-30","423","IВ"
"11242","2019-12-01","","prmz"
"11242","2019-12-02","","prmz"
"11242","2019-12-03","","prmz"
"11242","2019-12-04","","prmz"
"11242","2019-12-05","","prmz"
"11242","2019-12-06","","prmz"
"11242","2019-12-07","","prmz"
"11242","2019-12-08","","prmz"
"11242","2019-12-09","","prmz"
"11242","2019-12-10","","prmz"
"11242","2019-12-11","","prmz"
"11242","2019-12-12","","prmz"
"11242","2019-12-13","","prmz"
"11242","2019-12-14","","prmz"
"11242","2019-12-15","","prmz"
"11242","2019-12-16","","prmz"
"11242","2019-12-17","","prmz"
"11242","2019-12-18","","prmz"
"11242","2019-12-19","","prmz"
"11242","2019-12-20","","prmz"
"11242","2019-12-21","","prmz"
"11242","2019-12-22","","prmz"
"11242","2019-12-23","","prmz"
"11242","2019-12-24","","prmz"
"11242","2019-12-25","","prmz"
"11242","2019-12-26","","prmz"
"11242","2019-12-27","","prmz"
"11242","2019-12-28","","prmz"
"11242","2019-12-29","","prmz"
"11242","2019-12-30","","prmz"
"11242","2019-12-31","","prmz"
"11242","2020-01-01","","prmz"
"11242","2020-01-02","","prmz"
"11242","2020-01-03","","prmz"
"11242","2020-01-04","","prmz"
"11242","2020-01-05","","prmz"
"11242","2020-01-06","","prmz"
"11242","2020-01-07","","prmz"
"11242","2020-01-08","","prmz"
"11242","2020-01-09","","prmz"
"11242","2020-01-10","","prmz"
"11242","2020-01-11","","prmz"
"11242","2020-01-12","","prmz"
"11242","2020-01-13","","prmz"
"11242","2020-01-14","","prmz"
"11242","2020-01-15","","prmz"
"11242","2020-01-16","","prmz"
"11242","2020-01-17","","prmz"
"11242","2020-01-18","","prmz"
"11242","2020-01-19","","prmz"
"11242","2020-01-20","","prmz"
"11242","2020-01-21","","prmz"
"11242","2020-01-22","","prmz"
"11242","2020-01-23","","prmz"
"11242","2020-01-24","","prmz"
"11242","2020-01-25","","prmz"
"11242","2020-01-26","","prmz"
"11242","2020-01-27","","prmz"
"11242","2020-01-28","","prmz"
"11242","2020-01-29","","prmz"
"11242","2020-01-30","","prmz"
"11242","2020-01-31","","prmz"
"11242","2020-02-01","","prmz"
"11242","2020-02-02","","prmz"
"11242","2020-02-03","","prmz"
"11242","2020-02-04","","prmz"
"11242","2020-02-05","","prmz"
"11242","2020-02-06","","prmz"
"11242","2020-02-07","","prmz"
"11242","2020-02-08","","prmz"
"11242","2020-02-09","","prmz"
"11242","2020-02-10","","prmz"
"11242","2020-02-11","","prmz"
"11242","2020-02-12","","prmz"
"11242","2020-02-13","","prmz"
"11242","2020-02-14","","prmz"
"11242","2020-02-15","","prmz"
"11242","2020-02-16","","prmz"
"11242","2020-02-17","","prmz"
"11242","2020-02-18","","prmz"
"11242","2020-02-19","","prmz"
"11242","2020-02-20","","prmz"
"11242","2020-02-21","","prmz"
"11242","2020-02-22","","prmz"
"11242","2020-02-23","","prmz"
"11242","2020-02-24","","prmz"
"11242","2020-02-25","","prmz"
"11242","2020-02-26","","prmz"
"11242","2020-02-27","","prmz"
"11242","2020-02-28","","prmz"
"11242","2020-02-29","","prmz"
"11242","2020-03-01","","prmz"
"11242","2020-03-02","","prmz"
"11242","2020-03-03","","prmz"
"11242","2020-03-04","","prmz"
"11242","2020-03-05","","prmz"
"11242","2020-03-06","","prmz"
"11242","2020-03-07","","prmz"
"11242","2020-03-08","","prmz"
"11242","2020-03-09","","prmz"
"11242","2020-03-10","","prmz"
"11242","2020-03-11","","prmz"
"11242","2020-03-12","","prmz"
"11242","2020-03-13","","prmz"
"11242","2020-03-14","","prmz"
"11242","2020-03-15","","prmz"
"11242","2020-03-16","","prmz"
"11242","2020-03-17","","prmz"
"11242","2020-03-18","","prmz"
"11242","2020-03-19","","prmz"
"11242","2020-03-20","","prmz"
"11242","2020-03-21","","prmz"
"11242","2020-03-22","","prmz"
"11242","2020-03-23","","prmz"
"11242","2020-03-24","","prmz"
"11242","2020-03-25","","prmz"
"11242","2020-03-26","","prmz"
"11242","2020-03-27","","prmz"
"11242","2020-03-28","","prmz"
"11242","2020-03-29","","prmz"
"11242","2020-03-30","","prmz"
"11242","2020-03-31","","prmz"
"11242","2020-04-01","441","Z"
"11242","2020-04-02","439","Z"
"11242","2020-04-03","421","Z"
"11242","2020-04-04","415","Z"
"11242","2020-04-05","415","Z"
"11242","2020-04-06","410","_Z"
"11242","2020-04-07","552","_Z"
"11242","2020-04-08","652",""
"11242","2020-04-09","636","^"
"11242","2020-04-10","598",""
"11242","2020-04-11","580",""
"11242","2020-04-12","545",""
"11242","2020-04-13","524",""
"11242","2020-04-14","511",""
"11242","2020-04-15","510",""
"11242","2020-04-16","521",""
"11242","2020-04-17","518",""
"11242","2020-04-18","515",""
"11242","2020-04-19","500",""
"11242","2020-04-20","491",""
"11242","2020-04-21","484",""
"11242","2020-04-22","477",""
"11242","2020-04-23","473",""
"11242","2020-04-24","469",""
"11242","2020-04-25","466",""
"11242","2020-04-26","488",""
"11242","2020-04-27","487",""
"11242","2020-04-28","462",""
"11242","2020-04-29","471",""
"11242","2020-04-30","466",""
"11242","2020-05-01","460",""
"11242","2020-05-02","460","^"
"11242","2020-05-03","442",""
"11242","2020-05-04","436",""
"11242","2020-05-05","433",""
"11242","2020-05-06","429",""
"11242","2020-05-07","427",""
"11242","2020-05-08","426",""
"11242","2020-05-09","424",""
"11242","2020-05-10","424",""
"11242","2020-05-11","423",""
"11242","2020-05-12","423","ВТ"
"11242","2020-05-13","423","ВТ"
"11242","2020-05-14","423","ВТ"
"11242","2020-05-15","422","ВТ"
"11242","2020-05-16","421","ВТ"
"11242","2020-05-17","418","ВТ"
"11242","2020-05-18","415","ВТ"
"11242","2020-05-19","415","ВТ"
"11242","2020-05-20","414","ВТ"
"11242","2020-05-21","414","ВТ"
"11242","2020-05-22","414","ВТ"
"11242","2020-05-23","413","ВТ"
"11242","2020-05-24","413","ВТ"
"11242","2020-05-25","412","ВТ"
"11242","2020-05-26","412","ВТ"
"11242","2020-05-27","412","ВТ"
"11242","2020-05-28","411","_ВТ"
"11242","2020-05-29","411","_ВТ"
"11242","2020-05-30","411","_ВТ"
"11242","2020-05-31","411","_ВТ"
"11242","2020-06-01","411","^ВА"
"11242","2020-06-02","411","^ВА"
"11242","2020-06-03","411","^ВА"
"11242","2020-06-04","411","^ВА"
"11242","2020-06-05","411","^ВА"
"11242","2020-06-06","411","^ВА"
"11242","2020-06-07","410","ВА"
"11242","2020-06-08","410","ВА"
"11242","2020-06-09","409","ВА"
"11242","2020-06-10","409","ВА"
"11242","2020-06-11","408","ВА"
"11242","2020-06-12","406","ВА"
"11242","2020-06-13","406","ВА"
"11242","2020-06-14","405","ВА"
"11242","2020-06-15","405","ВА"
"11242","2020-06-16","405","ВА"
"11242","2020-06-17","404","ВА"
"11242","2020-06-18","404","ВА"
"11242","2020-06-19","404","ВА"
"11242","2020-06-20","402","ВА"
"11242","2020-06-21","402","ВА"
"11242","2020-06-22","402","ВА"
"11242","2020-06-23","400","ВА"
"11242","2020-06-24","398","ВА"
"11242","2020-06-25","395","_ВА"
"11242","2020-06-26","395","_ВА"
"11242","2020-06-27","396","_ВА"
"11242","2020-06-28","397","ВА"
"11242","2020-06-29","397","ВА"
"11242","2020-06-30","398","ВА"
"11242","2020-07-01","398","ВА"
"11242","2020-07-02","398","ВА"
"11242","2020-07-03","399","^ВА"
"11242","2020-07-04","400","^ВА"
"11242","2020-07-05","400","^ВА"
"11242","2020-07-06","400","^ВА"
"11242","2020-07-07","400","^ВА"
"11242","2020-07-08","400","^ВА"
"11242","2020-07-09","400","^ВА"
"11242","2020-07-10","393","ВА"
"11242","2020-07-11","391","_ВА"
"11242","2020-07-12","391","_ВА"
"11242","2020-07-13","391","_ВА"
"11242","2020-07-14","391","_ВА"
"11242","2020-07-15","391","_ВА"
"11242","2020-07-16","391","_ВА"
"11242","2020-07-17","391","_ВА"
"11242","2020-07-18","391","_ВА"
"11242","2020-07-19","391","_ВА"
"11242","2020-07-20","391","_ВА"
"11242","2020-07-21","391","_ВА"
"11242","2020-07-22","391","_ВА"
"11242","2020-07-23","391","_ВА"
"11242","2020-07-24","391","_ВА"
"11242","2020-07-25","391","_ВА"
"11242","2020-07-26","391","_ВА"
"11242","2020-07-27","391","_ВА"
"11242","2020-07-28","391","_ВА"
"11242","2020-07-29","391","_ВА"
"11242","2020-07-30","391","_ВА"
"11242","2020-07-31","391","_ВА"
"11242","2020-08-01","391","""ВА"
"11242","2020-08-02","391","""ВА"
"11242","2020-08-03","391","""ВА"
"11242","2020-08-04","391","""ВА"
"11242","2020-08-05","391","""ВА"
"11242","2020-08-06","391","""ВА"
"11242","2020-08-07","391","""ВА"
"11242","2020-08-08","391","""ВА"
"11242","2020-08-09","391","""ВА"
"11242","2020-08-10","391","""ВА"
"11242","2020-08-11","391","""ВА"
"11242","2020-08-12","391","""ВА"
"11242","2020-08-13","391","""ВА"
"11242","2020-08-14","391","""ВА"
"11242","2020-08-15","391","""ВА"
"11242","2020-08-16","391","""ВА"
"11242","2020-08-17","391","""ВА"
"11242","2020-08-18","391","""ВА"
"11242","2020-08-19","391","""ВА"
"11242","2020-08-20","391","""ВА"
"11242","2020-08-21","391","""ВА"
"11242","2020-08-22","391","""ВА"
"11242","2020-08-23","391","""ВА"
"11242","2020-08-24","391","""ВА"
"11242","2020-08-25","391","""ВА"
"11242","2020-08-26","391","""ВА"
"11242","2020-08-27","391","""ВА"
"11242","2020-08-28","391","""ВА"
"11242","2020-08-29","391","""ВА"
"11242","2020-08-30","391","""ВА"
"11242","2020-08-31","391","""ВА"
"11242","2020-09-01","391","""ВА"
"11242","2020-09-02","391","""ВА"
"11242","2020-09-03","391","""ВА"
"11242","2020-09-04","391","""ВА"
"11242","2020-09-05","391","""ВА"
"11242","2020-09-06","391","""ВА"
"11242","2020-09-07","391","""ВА"
"11242","2020-09-08","391","""ВА"
"11242","2020-09-09","391","""ВА"
"11242","2020-09-10","391","""ВА"
"11242","2020-09-11","391","""ВА"
"11242","2020-09-12","391","""ВА"
"11242","2020-09-13","391","""ВА"
"11242","2020-09-14","391","""ВА"
"11242","2020-09-15","391","""ВА"
"11242","2020-09-16","391","""ВА"
"11242","2020-09-17","391","""ВА"
"11242","2020-09-18","391","""ВА"
"11242","2020-09-19","391","""ВА"
"11242","2020-09-20","391","""ВА"
"11242","2020-09-21","391","""ВА"
"11242","2020-09-22","391","""ВА"
"11242","2020-09-23","391","""ВА"
"11242","2020-09-24","391","""ВА"
"11242","2020-09-25","391","""ВА"
"11242","2020-09-26","391","""ВА"
"11242","2020-09-27","391","""ВА"
"11242","2020-09-28","391","""ВА"
"11242","2020-09-29","391","""ВА"
"11242","2020-09-30","391","""ВА"
"11242","2020-10-01","391","""ВА"
"11242","2020-10-02","391","""ВА"
"11242","2020-10-03","391","""ВА"
"11242","2020-10-04","391","""ВА"
"11242","2020-10-05","391","""ВА"
"11242","2020-10-06","391","""ВА"
"11242","2020-10-07","391","""ВА"
"11242","2020-10-08","391","""ВА"
"11242","2020-10-09","391","""ВА"
"11242","2020-10-10","391","""ВА"
"11242","2020-10-11","391","""ВА"
"11242","2020-10-12","391","""ВА"
"11242","2020-10-13","391","""ВА"
"11242","2020-10-14","391","""ВА"
"11242","2020-10-15","391","""ВА"
"11242","2020-10-16","391","""ВА"
"11242","2020-10-17","391","""ВА"
"11242","2020-10-18","391","""ВА"
"11242","2020-10-19","391","""ВА"
"11242","2020-10-20","391","""ВА"
"11242","2020-10-21","391","""ВА"
"11242","2020-10-22","391","""ВА"
"11242","2020-10-23","391","""ВА"
"11242","2020-10-24","391","""ВА"
"11242","2020-10-25","391","""ВА"
"11242","2020-10-26","391","""ВА"
"11242","2020-10-27","391","""ВА"
"11242","2020-10-28","391","""ВА"
"11242","2020-10-29","391","""ВА"
"11242","2020-10-30","391","""ВА"
"11242","2020-10-31","391","""ВА"
"11242","2020-11-01","391","""В"
"11242","2020-11-02","391","""В"
"11242","2020-11-03","391","""В"
"11242","2020-11-04","391","""В"
"11242","2020-11-05","391","""В"
"11242","2020-11-06","391","""В"
"11242","2020-11-07","391","""В"
"11242","2020-11-08","391","""В"
"11242","2020-11-09","391","""В"
"11242","2020-11-10","391","""В"
"11242","2020-11-11","391","""В"
"11242","2020-11-12","391","""Z)"
"11242","2020-11-13","391","""ZВ"
"11242","2020-11-14","391","""ZВ"
"11242","2020-11-15","391","""ZВ"
"11242","2020-11-16","391","""IВ"
"11242","2020-11-17","391","""IВ"
"11242","2020-11-18","391","""IВ"
"11242","2020-11-19","391","""IВ"
"11242","2020-11-20","391","""IВ"
"11242","2020-11-21","391","""IВ"
"11242","2020-11-22","391","""IВ"
"11242","2020-11-23","391","""IВ"
"11242","2020-11-24","391","""IВ"
"11242","2020-11-25","391","""IВ"
"11242","2020-11-26","391","""IВ"
"11242","2020-11-27","391","""IВ"
"11242","2020-11-28","391","""IВ"
"11242","2020-11-29","391","""IВ"
"11242","2020-11-30","391","""IВ"
"11242","2020-12-01","405","IВ"
"11242","2020-12-02","405","IВ"
"11242","2020-12-03","405","IВ"
"11242","2020-12-04","405","IВ"
"11242","2020-12-05","413","~В"
"11242","2020-12-06","","prmz"
"11242","2020-12-07","","prmz"
"11242","2020-12-08","","prmz"
"11242","2020-12-09","","prmz"
"11242","2020-12-10","","prmz"
"11242","2020-12-11","","prmz"
"11242","2020-12-12","","prmz"
"11242","2020-12-13","","prmz"
"11242","2020-12-14","","prmz"
"11242","2020-12-15","","prmz"
"11242","2020-12-16","","prmz"
"11242","2020-12-17","","prmz"
"11242","2020-12-18","434","^~В"
"11242","2020-12-19","434","^~В"
"11242","2020-12-20","434","^~В"
"11242","2020-12-21","","prmz"
"11242","2020-12-22","","prmz"
"11242","2020-12-23","","prmz"
"11242","2020-12-24","","prmz"
"11242","2020-12-25","","prmz"
"11242","2020-12-26","","prmz"
"11242","2020-12-27","","prmz"
"11242","2020-12-28","","prmz"
"11242","2020-12-29","","prmz"
"11242","2020-12-30","","prmz"
"11242","2020-12-31","","prmz"
"11242","2021-01-01","","prmz"
"11242","2021-01-02","","prmz"
"11242","2021-01-03","","prmz"
"11242","2021-01-04","","prmz"
"11242","2021-01-05","","prmz"
"11242","2021-01-06","","prmz"
"11242","2021-01-07","","prmz"
"11242","2021-01-08","","prmz"
"11242","2021-01-09","","prmz"
"11242","2021-01-10","","prmz"
"11242","2021-01-11","","prmz"
"11242","2021-01-12","","prmz"
"11242","2021-01-13","","prmz"
"11242","2021-01-14","","prmz"
"11242","2021-01-15","","prmz"
"11242","2021-01-16","","prmz"
"11242","2021-01-17","","prmz"
"11242","2021-01-18","","prmz"
"11242","2021-01-19","","prmz"
"11242","2021-01-20","","prmz"
"11242","2021-01-21","","prmz"
"11242","2021-01-22","","prmz"
"11242","2021-01-23","","prmz"
"11242","2021-01-24","","prmz"
"11242","2021-01-25","","prmz"
"11242","2021-01-26","","prmz"
"11242","2021-01-27","","prmz"
"11242","2021-01-28","","prmz"
"11242","2021-01-29","","prmz"
"11242","2021-01-30","","prmz"
"11242","2021-01-31","","prmz"
"11242","2021-02-01","","prmz"
"11242","2021-02-02","","prmz"
"11242","2021-02-03","","prmz"
"11242","2021-02-04","","prmz"
"11242","2021-02-05","","prmz"
"11242","2021-02-06","","prmz"
"11242","2021-02-07","","prmz"
"11242","2021-02-08","","prmz"
"11242","2021-02-09","","prmz"
"11242","2021-02-10","","prmz"
"11242","2021-02-11","","prmz"
"11242","2021-02-12","","prmz"
"11242","2021-02-13","","prmz"
"11242","2021-02-14","","prmz"
"11242","2021-02-15","","prmz"
"11242","2021-02-16","","prmz"
"11242","2021-02-17","","prmz"
"11242","2021-02-18","","prmz"
"11242","2021-02-19","","prmz"
"11242","2021-02-20","","prmz"
"11242","2021-02-21","","prmz"
"11242","2021-02-22","","prmz"
"11242","2021-02-23","","prmz"
"11242","2021-02-24","","prmz"
"11242","2021-02-25","","prmz"
"11242","2021-02-26","","prmz"
"11242","2021-02-27","","prmz"
"11242","2021-02-28","","prmz"
"11242","2021-03-01","","prmz"
"11242","2021-03-02","","prmz"
"11242","2021-03-03","","prmz"
"11242","2021-03-04","","prmz"
"11242","2021-03-05","","prmz"
"11242","2021-03-06","","prmz"
"11242","2021-03-07","","prmz"
"11242","2021-03-08","","prmz"
"11242","2021-03-09","","prmz"
"11242","2021-03-10","","prmz"
"11242","2021-03-11","","prmz"
"11242","2021-03-12","","prmz"
"11242","2021-03-13","","prmz"
"11242","2021-03-14","","prmz"
"11242","2021-03-15","","prmz"
"11242","2021-03-16","","prmz"
"11242","2021-03-17","","prmz"
"11242","2021-03-18","","prmz"
"11242","2021-03-19","","prmz"
"11242","2021-03-20","","prmz"
"11242","2021-03-21","","prmz"
"11242","2021-03-22","","prmz"
"11242","2021-03-23","","prmz"
"11242","2021-03-24","","prmz"
"11242","2021-03-25","","prmz"
"11242","2021-03-26","","prmz"
"11242","2021-03-27","","prmz"
"11242","2021-03-28","","prmz"
"11242","2021-03-29","531","_W"
"11242","2021-03-30","533","^=В"
"11242","2021-03-31","","prmz"
"11242","2021-04-01","532","~В"
"11242","2021-04-02","530","~В"
"11242","2021-04-03","523","~В"
"11242","2021-04-04","512","~В"
"11242","2021-04-05","510","~В"
"11242","2021-04-06","510","IВ"
"11242","2021-04-07","487","~"
"11242","2021-04-08","481","~"
"11242","2021-04-09","478","~"
"11242","2021-04-10","657","W"
"11242","2021-04-11","886","W"
"11242","2021-04-12","883","Х"
"11242","2021-04-13","883","^Х"
"11242","2021-04-14","823","Х"
"11242","2021-04-15","753",""
"11242","2021-04-16","709",""
"11242","2021-04-17","676",""
"11242","2021-04-18","638",""
"11242","2021-04-19","593",""
"11242","2021-04-20","544",""
"11242","2021-04-21","535",""
"11242","2021-04-22","490",""
"11242","2021-04-23","479",""
"11242","2021-04-24","472",""
"11242","2021-04-25","477",""
"11242","2021-04-26","454",""
"11242","2021-04-27","448",""
"11242","2021-04-28","441","_"
"11242","2021-04-29","442",""
"11242","2021-04-30","442",""
"11242","2021-05-01","422",""
"11242","2021-05-02","421",""
"11242","2021-05-03","419",""
"11242","2021-05-04","428",""
"11242","2021-05-05","415",""
"11242","2021-05-06","412","_"
"11242","2021-05-07","427",""
"11242","2021-05-08","427",""
"11242","2021-05-09","438",""
"11242","2021-05-10","440","^"
"11242","2021-05-11","437",""
"11242","2021-05-12","433",""
"11242","2021-05-13","431",""
"11242","2021-05-14","431",""
"11242","2021-05-15","428",""
"11242","2021-05-16","425",""
"11242","2021-05-17","423",""
"11242","2021-05-18","422","Т"
"11242","2021-05-19","421","Т"
"11242","2021-05-20","421","Т"
"11242","2021-05-21","421","Т"
"11242","2021-05-22","421","Т"
"11242","2021-05-23","420","Т"
"11242","2021-05-24","420","Т"
"11242","2021-05-25","418","Т"
"11242","2021-05-26","418","Т"
"11242","2021-05-27","418","Т"
"11242","2021-05-28","418","Т"
"11242","2021-05-29","418","Т"
"11242","2021-05-30","413","Т"
"11242","2021-05-31","413","Т"
"11242","2021-06-01","413","Т"
"11242","2021-06-02","413","_Т"
"11242","2021-06-03","412","_Т"
"11242","2021-06-04","412","_ВТ"
"11242","2021-06-05","412","_ВТ"
"11242","2021-06-06","412","_ВТ"
"11242","2021-06-07","412","_ВТ"
"11242","2021-06-08","412","_ВТ"
"11242","2021-06-09","412","_ВТ"
"11242","2021-06-10","412","_ВТ"
"11242","2021-06-11","412","_ВТ"
"11242","2021-06-12","412","_ВА"
"11242","2021-06-13","412","_ВА"
"11242","2021-06-14","412","_ВА"
"11242","2021-06-15","412","_ВА"
"11242","2021-06-16","412","_ВА"
"11242","2021-06-17","412","_ВА"
"11242","2021-06-18","412","_ВА"
"11242","2021-06-19","412","_ВА"
"11242","2021-06-20","412","_ВА"
"11242","2021-06-21","415","""ВА"
"11242","2021-06-22","418","^ВА"
"11242","2021-06-23","418","^ВА"
"11242","2021-06-24","418","^ВА"
"11242","2021-06-25","418","^ВА"
"11242","2021-06-26","417","ВА"
"11242","2021-06-27","417","ВА"
"11242","2021-06-28","417","ВА"
"11242","2021-06-29","417","ВА"
"11242","2021-06-30","417","ВА"
"11242","2021-07-01","417","^ВА"
"11242","2021-07-02","417","^ВА"
"11242","2021-07-03","417","^ВА"
"11242","2021-07-04","416","^ВА"
"11242","2021-07-05","414","ВА"
"11242","2021-07-06","414","ВА"
"11242","2021-07-07","412","ВА"
"11242","2021-07-08","412","ВА"
"11242","2021-07-09","412","ВА"
"11242","2021-07-10","412","ВА"
"11242","2021-07-11","412","ВА"
"11242","2021-07-12","412","ВА"
"11242","2021-07-13","412","ВА"
"11242","2021-07-14","412","ВА"
"11242","2021-07-15","412","ВА"
"11242","2021-07-16","412","ВА"
"11242","2021-07-17","413","ВА"
"11242","2021-07-18","413","ВА"
"11242","2021-07-19","413","ВА"
"11242","2021-07-20","409","ВА"
"11242","2021-07-21","409","ВА"
"11242","2021-07-22","409","ВА"
"11242","2021-07-23","409","ВА"
"11242","2021-07-24","409","ВА"
"11242","2021-07-25","409","ВА"
"11242","2021-07-26","409","ВА"
"11242","2021-07-27","409","ВА"
"11242","2021-07-28","409","ВА"
"11242","2021-07-29","408","_ВА"
"11242","2021-07-30","406","_ВА"
"11242","2021-07-31","406","_ВА"
"11242","2021-08-01","403","^ВА"
"11242","2021-08-02","402","ВА"
"11242","2021-08-03","402","ВА"
"11242","2021-08-04","402","ВА"
"11242","2021-08-05","402","ВА"
"11242","2021-08-06","402","ВА"
"11242","2021-08-07","402","ВА"
"11242","2021-08-08","402","ВА"
"11242","2021-08-09","402","ВА"
"11242","2021-08-10","402","_ВА"
"11242","2021-08-11","401","_ВА"
"11242","2021-08-12","401","_ВА"
"11242","2021-08-13","401","_ВА"
"11242","2021-08-14","401","_ВА"
"11242","2021-08-15","401","_ВА"
"11242","2021-08-16","401","_ВА"
"11242","2021-08-17","401","_ВА"
"11242","2021-08-18","401","_ВА"
"11242","2021-08-19","401","_ВА"
"11242","2021-08-20","401","_ВА"
"11242","2021-08-21","401","_ВА"
"11242","2021-08-22","401","_ВА"
"11242","2021-08-23","401","_ВА"
"11242","2021-08-24","401","_ВА"
"11242","2021-08-25","401","_ВА"
"11242","2021-08-26","401","_ВА"
"11242","2021-08-27","401","_ВА"
"11242","2021-08-28","401","_ВА"
"11242","2021-08-29","401","_ВА"
"11242","2021-08-30","401","_ВА"
"11242","2021-08-31","401","_ВА"
"11242","2021-09-01","401","""ВА"
"11242","2021-09-02","401","""ВА"
"11242","2021-09-03","401","""ВА"
"11242","2021-09-04","401","""ВА"
"11242","2021-09-05","401","""ВА"
"11242","2021-09-06","401","""ВА"
"11242","2021-09-07","401","""ВА"
"11242","2021-09-08","401","""ВА"
"11242","2021-09-09","401","""ВА"
"11242","2021-09-10","401","""ВА"
"11242","2021-09-11","401","""ВА"
"11242","2021-09-12","401","""ВА"
"11242","2021-09-13","401","""ВА"
"11242","2021-09-14","401","""ВА"
"11242","2021-09-15","401","""ВА"
"11242","2021-09-16","401","""ВА"
"11242","2021-09-17","401","""ВА"
"11242","2021-09-18","401","""ВА"
"11242","2021-09-19","401","""ВА"
"11242","2021-09-20","401","""ВА"
"11242","2021-09-21","401","""ВА"
"11242","2021-09-22","401","""ВА"
"11242","2021-09-23","401","""ВА"
"11242","2021-09-24","401","""ВА"
"11242","2021-09-25","401","""ВА"
"11242","2021-09-26","401","""ВА"
"11242","2021-09-27","401","""ВА"
"11242","2021-09-28","401","""ВА"
"11242","2021-09-29","401","""ВА"
"11242","2021-09-30","401","""ВА"
"11242","2021-10-01","401","_ВА"
"11242","2021-10-02","401","_ВА"
"11242","2021-10-03","401","_ВА"
"11242","2021-10-04","401","_ВА"
"11242","2021-10-05","401","_ВА"
"11242","2021-10-06","401","_ВА"
"11242","2021-10-07","401","_ВТ"
"11242","2021-10-08","401","_ВТ"
"11242","2021-10-09","401","_ВТ"
"11242","2021-10-10","401","_ВТ"
"11242","2021-10-11","402","ВТ"
"11242","2021-10-12","402","ВА"
"11242","2021-10-13","402","ВА"
"11242","2021-10-14","402","ВА"
"11242","2021-10-15","402","ВА"
"11242","2021-10-16","402","ВА"
"11242","2021-10-17","402","ВА"
"11242","2021-10-18","402","ВА"
"11242","2021-10-19","402","ВА"
"11242","2021-10-20","402","ВА"
"11242","2021-10-21","402","ВА"
"11242","2021-10-22","402","ВА"
"11242","2021-10-23","403","^В"
"11242","2021-10-24","403","^В"
"11242","2021-10-25","403","^В"
"11242","2021-10-26","403","^В"
"11242","2021-10-27","403","^В"
"11242","2021-10-28","403","^В"
"11242","2021-10-29","403","^В"
"11242","2021-10-30","403","^В"
"11242","2021-10-31","403","^В"
"11242","2021-11-01","403","_)В"
"11242","2021-11-02","403","_Z)"
"11242","2021-11-03","403","_ZВ"
"11242","2021-11-04","403","_ZВ"
"11242","2021-11-05","403","_ZВ"
"11242","2021-11-06","403","_ZВ"
"11242","2021-11-07","403","_ZВ"
"11242","2021-11-08","403","_ZВ"
"11242","2021-11-09","403","_ZВ"
"11242","2021-11-10","403","_ZВ"
"11242","2021-11-11","404","ZВ"
"11242","2021-11-12","404","ZВ"
"11242","2021-11-13","407","ZВ"
"11242","2021-11-14","409","ZВ"
"11242","2021-11-15","409","ZВ"
"11242","2021-11-16","409","ZВ"
"11242","2021-11-17","416","^IZ"
"11242","2021-11-18","416","^IВ"
"11242","2021-11-19","416","^IВ"
"11242","2021-11-20","416","^IВ"
"11242","2021-11-21","416","^IВ"
"11242","2021-11-22","416","^IВ"
"11242","2021-11-23","416","^IВ"
"11242","2021-11-24","416","^IВ"
"11242","2021-11-25","416","^IВ"
"11242","2021-11-26","416","^IВ"
"11242","2021-11-27","416","^IВ"
"11242","2021-11-28","416","^IВ"
"11242","2021-11-29","416","^IВ"
"11242","2021-11-30","416","^IВ"
"11242","2021-12-01","416","IW"
"11242","2021-12-02","422","^I~"
"11242","2021-12-03","422","^IВ"
"11242","2021-12-04","422","^IВ"
"11242","2021-12-05","","prmz"
"11242","2021-12-06","","prmz"
"11242","2021-12-07","","prmz"
"11242","2021-12-08","","prmz"
"11242","2021-12-09","","prmz"
"11242","2021-12-10","","prmz"
"11242","2021-12-11","","prmz"
"11242","2021-12-12","","prmz"
"11242","2021-12-13","","prmz"
"11242","2021-12-14","","prmz"
"11242","2021-12-15","","prmz"
"11242","2021-12-16","","prmz"
"11242","2021-12-17","","prmz"
"11242","2021-12-18","","prmz"
"11242","2021-12-19","","prmz"
"11242","2021-12-20","","prmz"
"11242","2021-12-21","","prmz"
"11242","2021-12-22","","prmz"
"11242","2021-12-23","","prmz"
"11242","2021-12-24","","prmz"
"11242","2021-12-25","","prmz"
"11242","2021-12-26","","prmz"
"11242","2021-12-27","","prmz"
"11242","2021-12-28","","prmz"
"11242","2021-12-29","","prmz"
"11242","2021-12-30","","prmz"
"11242","2021-12-31","","prmz"
"11242","2022-01-01","","prmz"
"11242","2022-01-02","","prmz"
"11242","2022-01-03","","prmz"
"11242","2022-01-04","","prmz"
"11242","2022-01-05","","prmz"
"11242","2022-01-06","","prmz"
"11242","2022-01-07","","prmz"
"11242","2022-01-08","","prmz"
"11242","2022-01-09","","prmz"
"11242","2022-01-10","","prmz"
"11242","2022-01-11","","prmz"
"11242","2022-01-12","","prmz"
"11242","2022-01-13","","prmz"
"11242","2022-01-14","","prmz"
"11242","2022-01-15","","prmz"
"11242","2022-01-16","","prmz"
"11242","2022-01-17","","prmz"
"11242","2022-01-18","","prmz"
"11242","2022-01-19","","prmz"
"11242","2022-01-20","","prmz"
"11242","2022-01-21","","prmz"
"11242","2022-01-22","","prmz"
"11242","2022-01-23","","prmz"
"11242","2022-01-24","","prmz"
"11242","2022-01-25","","prmz"
"11242","2022-01-26","","prmz"
"11242","2022-01-27","","prmz"
"11242","2022-01-28","","prmz"
"11242","2022-01-29","","prmz"
"11242","2022-01-30","","prmz"
"11242","2022-01-31","","prmz"
"11242","2022-02-01","","prmz"
"11242","2022-02-02","","prmz"
"11242","2022-02-03","","prmz"
"11242","2022-02-04","","prmz"
"11242","2022-02-05","","prmz"
"11242","2022-02-06","","prmz"
"11242","2022-02-07","","prmz"
"11242","2022-02-08","","prmz"
"11242","2022-02-09","","prmz"
"11242","2022-02-10","","prmz"
"11242","2022-02-11","","prmz"
"11242","2022-02-12","","prmz"
"11242","2022-02-13","","prmz"
"11242","2022-02-14","","prmz"
"11242","2022-02-15","","prmz"
"11242","2022-02-16","","prmz"
"11242","2022-02-17","","prmz"
"11242","2022-02-18","","prmz"
"11242","2022-02-19","","prmz"
"11242","2022-02-20","","prmz"
"11242","2022-02-21","","prmz"
"11242","2022-02-22","","prmz"
"11242","2022-02-23","","prmz"
"11242","2022-02-24","","prmz"
"11242","2022-02-25","","prmz"
"11242","2022-02-26","","prmz"
"11242","2022-02-27","","prmz"
"11242","2022-02-28","","prmz"
"11242","2022-03-01","","prmz"
"11242","2022-03-02","","prmz"
"11242","2022-03-03","","prmz"
"11242","2022-03-04","","prmz"
"11242","2022-03-05","","prmz"
"11242","2022-03-06","472","_I~"
"11242","2022-03-07","472","~В"
"11242","2022-03-08","472","~В"
"11242","2022-03-09","472","IВ"
"11242","2022-03-10","472","IВ"
"11242","2022-03-11","472","IВ"
"11242","2022-03-12","","prmz"
"11242","2022-03-13","","prmz"
"11242","2022-03-14","","prmz"
"11242","2022-03-15","","prmz"
"11242","2022-03-16","","prmz"
"11242","2022-03-17","","prmz"
"11242","2022-03-18","","prmz"
"11242","2022-03-19","","prmz"
"11242","2022-03-20","","prmz"
"11242","2022-03-21","","prmz"
"11242","2022-03-22","472","_I~"
"11242","2022-03-23","472","~В"
"11242","2022-03-24","472","~В"
"11242","2022-03-25","","prmz"
"11242","2022-03-26","","prmz"
"11242","2022-03-27","","prmz"
"11242","2022-03-28","472","_~"
"11242","2022-03-29","474","~В"
"11242","2022-03-30","476","^(В"
"11242","2022-03-31","476","^(В"
"11242","2022-04-01","474","(В"
"11242","2022-04-02","476","(В"
"11242","2022-04-03","475","(В"
"11242","2022-04-04","491","(В"
"11242","2022-04-05","727","(W"
"11242","2022-04-06","883","W"
"11242","2022-04-07","856","^ХW"
"11242","2022-04-08","763","Х"
"11242","2022-04-09","657",""
"11242","2022-04-10","589",""
"11242","2022-04-11","553",""
"11242","2022-04-12","543",""
"11242","2022-04-13","520",""
"11242","2022-04-14","514",""
"11242","2022-04-15","513",""
"11242","2022-04-16","506",""
"11242","2022-04-17","504",""
"11242","2022-04-18","501",""
"11242","2022-04-19","498",""
"11242","2022-04-20","495",""
"11242","2022-04-21","491",""
"11242","2022-04-22","487",""
"11242","2022-04-23","487",""
"11242","2022-04-24","459","_"
"11242","2022-04-25","457",""
"11242","2022-04-26","457",""
"11242","2022-04-27","455",""
"11242","2022-04-28","453",""
"11242","2022-04-29","446",""
"11242","2022-04-30","445",""
"11242","2022-05-01","435","^"
"11242","2022-05-02","433",""
"11242","2022-05-03","433",""
"11242","2022-05-04","432",""
"11242","2022-05-05","431","В"
"11242","2022-05-06","431","В"
"11242","2022-05-07","427","В"
"11242","2022-05-08","426","В"
"11242","2022-05-09","426","В"
"11242","2022-05-10","426","В"
"11242","2022-05-11","426","В"
"11242","2022-05-12","425","ВТ"
"11242","2022-05-13","420","ВТ"
"11242","2022-05-14","420","ВА"
"11242","2022-05-15","419","ВА"
"11242","2022-05-16","419","ВА"
"11242","2022-05-17","419","ВА"
"11242","2022-05-18","419","ВА"
"11242","2022-05-19","416","ВА"
"11242","2022-05-20","415","ВА"
"11242","2022-05-21","412","ВА"
"11242","2022-05-22","411","ВА"
"11242","2022-05-23","411","ВА"
"11242","2022-05-24","411","ВА"
"11242","2022-05-25","411","ВА"
"11242","2022-05-26","411","ВА"
"11242","2022-05-27","410","_ВА"
"11242","2022-05-28","410","_ВА"
"11242","2022-05-29","410","_ВА"
"11242","2022-05-30","410","_ВА"
"11242","2022-05-31","410","_ВА"
"11242","2022-06-01","410","ВА"
"11242","2022-06-02","409","ВА"
"11242","2022-06-03","409","ВА"
"11242","2022-06-04","410","ВА"
"11242","2022-06-05","411","ВА"
"11242","2022-06-06","411","ВА"
"11242","2022-06-07","411","ВА"
"11242","2022-06-08","410","ВА"
"11242","2022-06-09","409","ВА"
"11242","2022-06-10","409","ВА"
"11242","2022-06-11","409","ВА"
"11242","2022-06-12","409","ВА"
"11242","2022-06-13","409","ВА"
"11242","2022-06-14","412","^ВА"
"11242","2022-06-15","412","^ВА"
"11242","2022-06-16","412","^ВА"
"11242","2022-06-17","412","^ВА"
"11242","2022-06-18","411","ВА"
"11242","2022-06-19","411","ВА"
"11242","2022-06-20","410","ВА"
"11242","2022-06-21","410","ВА"
"11242","2022-06-22","410","ВА"
"11242","2022-06-23","410","ВА"
"11242","2022-06-24","410","ВА"
"11242","2022-06-25","410","ВА"
"11242","2022-06-26","410","ВА"
"11242","2022-06-27","409","ВА"
"11242","2022-06-28","409","ВА"
"11242","2022-06-29","409","_ВА"
"11242","2022-06-30","408","_ВА"
"11242","2022-07-01","408","^ВА"
"11242","2022-07-02","408","^ВА"
"11242","2022-07-03","405","^ВА"
"11242","2022-07-04","402","ВА"
"11242","2022-07-05","399","ВА"
"11242","2022-07-06","399","ВА"
"11242","2022-07-07","399","ВА"
"11242","2022-07-08","399","ВА"
"11242","2022-07-09","399","ВА"
"11242","2022-07-10","399","ВА"
"11242","2022-07-11","399","ВА"
"11242","2022-07-12","399","ВА"
"11242","2022-07-13","399","ВА"
"11242","2022-07-14","399","ВА"
"11242","2022-07-15","399","ВА"
"11242","2022-07-16","399","ВА"
"11242","2022-07-17","399","ВА"
"11242","2022-07-18","399","ВА"
"11242","2022-07-19","399","ВА"
"11242","2022-07-20","396","_ВА"
"11242","2022-07-21","392","_ВА"
"11242","2022-07-22","392","_ВА"
"11242","2022-07-23","392","_ВА"
"11242","2022-07-24","392","_ВА"
"11242","2022-07-25","392","_ВА"
"11242","2022-07-26","392","_ВА"
"11242","2022-07-27","392","_ВА"
"11242","2022-07-28","392","_ВА"
"11242","2022-07-29","392","_ВА"
"11242","2022-07-30","392","_ВА"
"11242","2022-07-31","392","_ВА"
"11242","2022-08-01","392","""ВА"
"11242","2022-08-02","392","""ВА"
"11242","2022-08-03","392","""ВА"
"11242","2022-08-04","392","""ВА"
"11242","2022-08-05","392","""ВА"
"11242","2022-08-06","392","""ВА"
"11242","2022-08-07","392","""ВА"
"11242","2022-08-08","392","""ВА"
"11242","2022-08-09","392","""ВА"
"11242","2022-08-10","392","""ВА"
"11242","2022-08-11","392","""ВА"
"11242","2022-08-12","392","""ВА"
"11242","2022-08-13","392","""ВА"
"11242","2022-08-14","392","""ВА"
"11242","2022-08-15","392","""ВА"
"11242","2022-08-16","392","""ВА"
"11242","2022-08-17","392","""ВА"
"11242","2022-08-18","392","""ВА"
"11242","2022-08-19","392","""ВА"
"11242","2022-08-20","392","""ВА"
"11242","2022-08-21","392","""ВА"
"11242","2022-08-22","392","""ВА"
"11242","2022-08-23","392","""ВА"
"11242","2022-08-24","392","""ВА"
"11242","2022-08-25","392","""ВА"
"11242","2022-08-26","392","""ВА"
"11242","2022-08-27","392","""ВА"
"11242","2022-08-28","392","""ВА"
"11242","2022-08-29","392","""ВА"
"11242","2022-08-30","392","""ВА"
"11242","2022-08-31","392","""ВА"
"11242","2022-09-01","392","_ВА"
"11242","2022-09-02","392","_ВА"
"11242","2022-09-03","392","_ВА"
"11242","2022-09-04","392","_ВА"
"11242","2022-09-05","392","_ВА"
"11242","2022-09-06","392","_ВА"
"11242","2022-09-07","392","_ВА"
"11242","2022-09-08","392","_ВА"
"11242","2022-09-09","401","^ВА"
"11242","2022-09-10","401","^ВА"
"11242","2022-09-11","401","^ВА"
"11242","2022-09-12","401","^ВА"
"11242","2022-09-13","401","^ВА"
"11242","2022-09-14","401","^ВА"
"11242","2022-09-15","401","^ВА"
"11242","2022-09-16","401","^ВА"
"11242","2022-09-17","401","^ВА"
"11242","2022-09-18","401","^ВА"
"11242","2022-09-19","401","^ВА"
"11242","2022-09-20","401","^ВА"
"11242","2022-09-21","401","^ВА"
"11242","2022-09-22","401","^ВА"
"11242","2022-09-23","401","^ВА"
"11242","2022-09-24","401","^ВА"
"11242","2022-09-25","401","^ВА"
"11242","2022-09-26","401","^ВА"
"11242","2022-09-27","401","^ВА"
"11242","2022-09-28","401","^ВА"
"11242","2022-09-29","401","^ВА"
"11242","2022-09-30","401","^ВА"
"11242","2022-10-01","401","_ВА"
"11242","2022-10-02","401","_В"
"11242","2022-10-03","401","_В"
"11242","2022-10-04","401","_В"
"11242","2022-10-05","401","_В"
"11242","2022-10-06","401","_В"
"11242","2022-10-07","401","_В"
"11242","2022-10-08","401","_В"
"11242","2022-10-09","401","_В"
"11242","2022-10-10","401","_В"
"11242","2022-10-11","401","_В"
"11242","2022-10-12","401","_В"
"11242","2022-10-13","401","_В"
"11242","2022-10-14","401","_В"
"11242","2022-10-15","401","_В"
"11242","2022-10-16","401","_В"
"11242","2022-10-17","401","_В"
"11242","2022-10-18","401","_В"
"11242","2022-10-19","401","_В"
"11242","2022-10-20","401","_В"
"11242","2022-10-21","401","_В"
"11242","2022-10-22","401","_В"
"11242","2022-10-23","401","_В"
"11242","2022-10-24","401","_В"
"11242","2022-10-25","401","_)В"
"11242","2022-10-26","401","_В"
"11242","2022-10-27","401","_В"
"11242","2022-10-28","401","_В"
"11242","2022-10-29","401","_)В"
"11242","2022-10-30","401","_)В"
"11242","2022-10-31","402","""В"
"11242","2022-11-01","403","В"
"11242","2022-11-02","406","В"
"11242","2022-11-03","409","В"
"11242","2022-11-04","410","^В"
"11242","2022-11-05","411","^В"
"11242","2022-11-06","411","^В"
"11242","2022-11-07","411","^)В"
"11242","2022-11-08","411","^В"
"11242","2022-11-09","411","^В"
"11242","2022-11-10","411","^В"
"11242","2022-11-11","411","^В"
"11242","2022-11-12","411","^ZВ"
"11242","2022-11-13","411","^В"
"11242","2022-11-14","411","^В"
"11242","2022-11-15","411","^В"
"11242","2022-11-16","411","^Z)"
"11242","2022-11-17","411","^IВ"
"11242","2022-11-18","411","^IВ"
"11242","2022-11-19","411","^IВ"
"11242","2022-11-20","411","^IВ"
"11242","2022-11-21","411","^IВ"
"11242","2022-11-22","411","^IВ"
"11242","2022-11-23","411","^IВ"
"11242","2022-11-24","411","^IВ"
"11242","2022-11-25","411","^IВ"
"11242","2022-11-26","411","^IВ"
"11242","2022-11-27","411","^IВ"
"11242","2022-11-28","411","^IВ"
"11242","2022-11-29","411","^IВ"
"11242","2022-11-30","411","""В"
"11242","2022-12-01","","prmz"
"11242","2022-12-02","","prmz"
"11242","2022-12-03","","prmz"
"11242","2022-12-04","","prmz"
"11242","2022-12-05","","prmz"
"11242","2022-12-06","","prmz"
"11242","2022-12-07","","prmz"
"11242","2022-12-08","","prmz"
"11242","2022-12-09","","prmz"
"11242","2022-12-10","","prmz"
"11242","2022-12-11","","prmz"
"11242","2022-12-12","","prmz"
"11242","2022-12-13","","prmz"
"11242","2022-12-14","","prmz"
"11242","2022-12-15","","prmz"
"11242","2022-12-16","","prmz"
"11242","2022-12-17","","prmz"
"11242","2022-12-18","","prmz"
"11242","2022-12-19","","prmz"
"11242","2022-12-20","","prmz"
"11242","2022-12-21","","prmz"
"11242","2022-12-22","","prmz"
"11242","2022-12-23","","prmz"
"11242","2022-12-24","","prmz"
"11242","2022-12-25","","prmz"
"11242","2022-12-26","","prmz"
"11242","2022-12-27","","prmz"
"11242","2022-12-28","","prmz"
"11242","2022-12-29","","prmz"
"11242","2022-12-30","","prmz"
"11242","2022-12-31","","prmz"